1,夫のカードを使いたいのですがいいですか？
1,家族のカードを使うことはできますか？
1,家族名義のクレジットカードは使用できますか？
1,妻のクレジットカードを使って注文してもいいですか？
1,支払いに家族のカードを使用しても大丈夫ですか？
1,夫のクレジットで支払いをしたい
1,妻のクレジットで支払いをしてもいいですか？
2,クレジット決済の引き落とし日を教えてください。
2,引き落とし日はいつですか
2,口座から料金が引き落とされるのはいつですか
2,カードの引き落とし日はわかりますか
2,クレジットカードで支払いを選んだ時の引落はいつになりますか
2,クレジット決済の引き落し日っていつになるかわかりますか？
2,引落しがいつか知りたい
3,振り込みは、どこに振り込めばよいのですか？
3,振り込みはどこで支払いができますか
3,振り込みがどこでできるか教えて欲しい
3,振込みはどうやってやればいいですか？
3,振込み用紙はどこにある？
3,振込の方法がわからない
3,コンビニ振込ってできないですか？
4,振り込み用紙は、どこに付いているのですか？
4,振込用紙が見つからない
4,振込み用紙ってどこに入ってましたか
4,振り込み用紙はいつ来ますか？
4,振り込みの書類が見つからないのですがどこですか
4,振込用の紙ってどこに入ってますか？
5,口座引き落としはできますか？
5,口座から引落しで支払う方法を教えてください
5,口座振替で支払うことはできますか
5,口座から代金を引き落して欲しいのですができますか
5,引落しはできますか
5,口座振替で商品の代金を支払えますか
6,自動引落しの場合、引落し日は、何日になりますか？
6,自動引落しされるのはいつですか？
6,自動引き落としで代金を支払ったとき、いつ口座から支払われますか
6,口座引落しでお金が引き落とされるのはいつですか
6,支払いで口座からの自動引落しをお願いしたのですがいつ、引き落しになるのか教えてください
7,口座引き落とし先の変更はできますか？
7,引落しにつかう口座を変えたいです
7,引き落し口座を変える方法を教えて欲しい
7,引き落し先の口座を変えてもいいですか？
7,引落しにつかう口座をみずほ銀行から三菱銀行に切り替えたいです
7,引き落し口座を切り替えることってできますか？
7,口座引落しで使っている銀行口座を別の口座に切り替えることができますか
8,電子マネーでのお支払いはできますか？
8,電子マネーで商品の代金を支払うことはできますか
8,電子マネーで支払う方法を教えてください
8,電子マネーで支払うことはできますか
8,電子マネーから代金を引き落して欲しいのですができますか
8,Edyでの支払いはできますか
8,Edyで商品の代金を支払えますか
8,Suicaでの支払いはできますか
8,Suicaで商品の代金を支払えますか
8,スイカでの支払いはできますか
8,スイカで商品の代金を支払えますか
9,商品はどれくらいで届きますか？
9,商品を注文したらいつ届くか教えてください
9,商品がいつ届くか知りたい
9,注文が届くのは何日後ですか
9,いつ注文した商品が配送されるか教えて欲しいです
9,商品のお届け日を教えてください
9,注文の配送日を教えて欲しいです
10,送料はかかりますか？
10,注文の送料がいくらになるか知りたいです
10,配送料がどれくらいかかりますか？
10,配送料がいくらになるか知りたいです
10,注文にかかる配送料はいくらぐらいですか？
10,商品のお届けにかかる費用はいくらですか
10,商品の配送費用を教えてください
10,商品の配送料が何円かわかりますか？
10,商品の送料が何円になるか教えてください
11,海外発送はできますか？
11,海外に商品を届けてもらうことはできますか？
11,海外に商品を送ることはできますか?
11,外国に発送はできますか？
11,外国に商品を届けてもらうことはできますか？
11,外国に商品を送ることはできますか?
11,注文した品物を海外に送ることはできますか
11,注文した品物を外国に送ることはできますか
12,代金引換手数料はかかりますか？
12,代金引換で支払った時、手数料はいくらになりますか
12,代金引き換えで支払った時、手数料はいくらになりますか
12,代金引換えで支払った時、手数料はいくらになりますか
12,注文の代金を代金引換で払ったら手数料はかかりますか
12,代金引き換えの手数料はかかりますか？
12,代金引換えの手数料はかかりますか？
13,商品の配達を、郵便局どめや宅配便の営業所どめへ変更できますか？
13,商品の配達を、郵便局留めや宅配便の営業所留めへ変更できますか？
13,荷物を郵便局止めにしてもらうことはできますか
13,商品を郵便局留めにすることができますか
13,荷物を郵便局留めにすることができますか
13,商品を営業所留めにすることができますか
13,荷物を営業所留めにすることができますか
14,えがおWEB会員に登録しないと購入できないのですか？
14,会員登録しないと購入できないのですか？
14,会員に登録しないで注文することはできますか？
14,商品を買いたいが会員登録しないで買えないか
14,WEB会員にならないで買うことはできないですか？
14,会員にならないで注文したい
14,登録しないで商品を購入することは可能ですか？
15,えがおWEB会員の登録はどうしたらできますか？
15,えがおWEB会員になる方法を教えてください
15,会員登録はどうしたらできますか？
15,会員登録する方法がわかりません
15,どうやったらWEB会員になれますか
15,会員の登録はどうやったらできますか
15,WEB会員登録のやり方が知りたいです
16,現在えがおで定期購入をしている、または過去に商品を購入したことがあります。¥n新たにえがおWEB会員に登録すると、会員登録が2重になりませんか？
16,２回会員登録をしてしまったのですがどちらを使えばいいですか
16,２重で会員登録してしまった場合どうすればいいですか
16,２回会員登録してしまった場合、どちらかを削除してもらえますか
16,二回会員登録してしまった場合、どっちの会員を使えばいいですか
16,アカウントを２つ作ってしまった場合はどうすればいいですか
17,友人にえがおの商品を紹介したいのですが、どのように注文したらいいですか？
17,知人に商品を紹介したい場合はどうすればいいですか
17,友達にえがおの商品を紹介する場合はどうすればいいですか
17,知人に商品を紹介したいのですが、どのように注文したらいいですか？
17,知り合いに商品を勧めたいのですがどうすればいいですか
17,知り合いに商品を紹介するために注文をしたい
18,注文方法を教えてください。
18,どうやったら商品を注文できますか
18,どこから商品を注文できますか
18,注文する方法がわからないので教えてください
18,どう注文すればいいかわからない
18,注文方法が知りたい
19,法人として注文できますか？
19,会社名で注文することはできますか
19,部署名で注文は可能ですか？
19,法人名で注文することはできますか
19,会社名で注文する方法を教えてください
19,部署名で注文する方法はありますか
20,「定期会員様割引」とは何ですか？
20,定期会員様割引について知りたい
20,定期会員様割引とはなんですか
20,定期会員割引とは何ですか？
20,定期会員割引について知りたい
20,定期会員様割引とはなんですか
20,定期会員様割とは何ですか？
20,定期会員の割引について知りたい
20,定期会員割とはなんですか
21,お得な定期購入の購入目安を教えてください。
21,定期購入はどれくらいの頻度で買えばいいですか
21,定期購入の購入目安はありますか
21,どれくらいの間隔で定期的に買えばいいですか
21,定期で買う時はどれくらいの間隔で買うか目安はありますか
21,定期買いするときの購入目安を教えてください
22,お得な定期購入とはなんですか？
22,定期購入について教えてください
22,定期購入ってなんですか
22,定期とはなんですか
22,定期お届けとはなんですか
22,定期購入について知りたい
22,定期購入とはなんですか？どんなメリットがありますか？
23,お得な定期購入の割引について教えてください。
23,定期購入の割引について教えてください。
23,定期購入したときの割引について教えてください。
23,商品を定期購入するとどれくらい安くなりますか。
23,商品を定期購入したときの割引額はいくらですか。
23,商品を定期で買うといくらぐらい割引されますか
24,妊娠中（または授乳中）ですが、サプリメントは摂取してもいいのでしょうか？
24,妊娠中に、サプリメントは摂取してもいいのでしょうか？
24,妊娠中に、商品を使ってもいいのでしょうか？
24,妊娠中（または授乳中）ですが、サプリメントは摂取してもいいのでしょうか？
24,妊娠中にサプリを飲んでも大丈夫ですか
24,妊娠中なんですがサプリを飲んでも大丈夫ですか
24,お腹の中に子供がいるんですがサプリメントを飲んでもいいですか
24,お腹の中に赤ちゃんがいます。商品を飲んでもいいですか
25,6歳以下の子供にもえがおの商品を飲ませたいのですが、大丈夫ですか？
25,子供にもえがおの商品を飲ませたいのですが、大丈夫ですか？
25,子どもにもえがおの商品を飲ませて大丈夫ですか？
25,商品を子どもに飲ませて大丈夫ですか？
25,商品を子どもに使っても大丈夫ですか？
26,ペットにもサプリメントを飲ませたいのですが、大丈夫でしょうか？
26,ペットにサプリメントを飲ませてもいいですか？
26,ペットにサプリを飲ませてもいいですか？
26,ペットにもサプリを飲ませたいのですが、大丈夫でしょうか？
26,ペットに商品を飲ませていいですか？
26,犬にサプリを飲ませても害はありませんか？
26,猫にサプリを飲ませても害はありませんか？
27,粒が飲み込みにくいと感じるのですが、何かいい方法があれば教えてもらえますか？
27,粒を飲み込むのが辛いです。
27,商品の錠剤が飲み込みにくいです。いい方法ありませんか
27,飲み込む力が弱くなっていて商品の粒を飲み込むのが難しいです。
27,粒を飲み込みやすい方法を教えてください
28,ジュース・お酒・お茶など、お水以外のもので飲用してもいいですか？
28,ジュースで飲んじゃだめですか？
28,お茶で商品を飲んでもいいですか
28,お酒で粒を飲んでもいいですか
28,ジュースで粒を飲んでもいいですか
28,水以外のもので飲用すると効果に違いがありますか
28,ジュースで飲用すると効果に違いがありますか
29,サプリメントはいつ飲んだらいいですか？
29,商品はいつ飲んだらいいですか？
29,商品を飲むタイミングを教えてください
29,サプリメントを飲むタイミングを教えてください
29,サプリを飲むタイミングを教えてください
29,サプリはいつ飲めばいいですか
29,商品は何時に飲めばいいですか
30,薬との飲み合わせが心配なのですが、どうすればいいですか？
30,飲み合わせが悪い薬があれば教えてください
30,飲み合わせの悪いものはありますか
30,薬と併用しても大丈夫ですか？
30,併用すると問題がある薬があれば教えてください
30,一緒に飲んじゃいけないものはありますか
31,商品の品質をどのように保っているのか教えてください。
31,商品の品質はどうやって維持していますか
31,品質はどうやって守っているのでしょうか
31,品質管理はどうしていますか
31,商品の品質について教えてください
32,品質・安全性への取り組みについて教えてください。
32,安全性への取り組みについて教えてください。
32,どうやって安全な商品を作っているのですか
32,商品の安全性について教えてください
32,商品をどうやって安全にしているのですか？
32,品質を守るためにどんなことをしているのか知りたい
33,返品できますか？
33,商品が届いたのですがやっぱり返品したいです
33,返品する方法を教えてください
33,返品方法が知りたい
33,返品はどうやればいいですか
33,商品を返品する方法
33,クーリングオフはできますか？
34,お得な定期購入の内容（お届け日、袋数）を変更したいのですが、どうすれば良いですか？
34,定期購入の内容（お届け日、袋数）を変更したいのですが、どうすれば良いですか？
34,定期契約を変更したいのですが、どうすれば良いですか？
34,定期契約のお届け日を変えたい
34,定期契約のお届け日を変える方法を教えてください
34,定期契約で一度に届く個数を変える方法を教えてください
34,定期購入で一度に届く個数を変える方法を教えてください
34,定期購入のお届け日を変える方法を教えてください
34,定期購入のお届け日の変更方法を知りたい
35,注文中の商品を変更したいのですが、どうすれば良いですか？
35,注文した商品を変更したいのですが、どうすれば良いですか？
35,注文内容を変更したいのですが、どうすれば良いですか？
35,注文商品を変更する方法を教えてください
35,やっぱり商品を変更変えたいときはどうすればいいですか？
35,注文商品を変える方法はありますか
36,お届け方法を変更したいのですが、どうすれば良いですか？ 例）ポストへのお届け→宅配
36,配送方法を変えることはできますか？
36,ポストへのお届けじゃなくて宅配に変更してもらうことは可能ですか
36,配送方法を変更してもらうことはできますか？
37,定期購入をしばらくお休みしたいのですが、どうすれば良いですか？
37,定期を1回休会したいです。できますか？
37,定期を休みたいんですが
37,商品が溜まっているので定期を一回休ませてもらえないでしょうか
37,定期購入を休ませてもらっていいですか
38,お得な定期購入をやめたいのですが、どうすれば良いですか？
38,定期購入をやめる方法を教えてください
38,定期購入をやめたいです
38,定期購入を解約する方法を教えてください
38,定期を解約する方法を教えてください
38,定期購入の解約する方法を教えてください
39,さきほど注文した商品をキャンセルしたいのですが、どうすればよいですか？
39,注文した商品をキャンセルする方法がわかりません
39,商品をキャンセルする方法を教えてください
39,注文した商品をキャンセルする方法
39,注文した商品をキャンセル方法がわからない
39,商品のキャンセル方法を教えてください
40,注文完了後、受け付けしたとの確認メールがきませんでした。きちんと注文できているのか不安なのですが・・・
40,注文の確認メールがこない
40,注文完了メールがこない
40,注文完了メールがこない理由を教えてください
40,注文したんですがメールが来ないです。どうしてですか？
41,郵便局やコンビニエンスストアで支払える「振り込み用紙」を再度、発行してほしいのですがどうすれば良いですか？
41,振込用紙をもう一回発行してもらうことはできますか？
41,振り込み用紙をなくしてしまったのですが、どうすればいいですか？
41,振り込み用紙をないのですが、再発行してもらうことはできますか？
41,振り込み用紙をもう一回送ってもらうことはできますか？
41,振り込み用紙をもう再発行してもらっていいですか
42,支払で使用しているクレジットカードの変更をしたいのですが、どうすれば良いですか？
42,クレジットカードのを変えることはできますか
42,クレジットカードの変更方法を教えてください
42,クレジットカードを変更したい
42,支払いに使うクレジットを変更したい
42,支払いに使うカードを変更したい
42,支払いに使うクレジットカードを変更したいのですがどうすればいいですか？
42,支払いに使うクレジットを変更したいのですがどうすればいいですか？
42,支払いに使うカードを変更したいのですがどうすればいいですか？
43,振り込み用紙での注文をしましたが、振り込み先はどこですか？
43,振込用紙で支払うのですが、どこで振り込めばいいですか
43,振り込み用紙での注文時に振り込み先を教えてください
43,振込用紙での注文する場合の振り込み先を教えてください
43,振込用紙で支払う時の振込先がわからない
44,支払方法は変更できますか？
44,支払い方法を変える方法を教えてください
44,支払い方法を変更する方法を教えてください
44,注文の支払い方法を変えたいのですができますか
44,支払い方法を代金引換からクレジットカードに変えたいのですができますか
45,過去の購入履歴を確認したいのですが、どうすれば良いですか
45,昔何を買ったか知りたい
45,何を注文したか調べることはできますか
45,過去の注文履歴を知りたい
45,昔何を注文したか教えてもらうことはできますか
45,何を買ったか忘れてしまったので確認したい
46,苗字が変わりました。変更はどうしたら出来ますか？
46,結婚して名字が変わったので変更したい
46,名字を変更する方法はありますか？
46,姓が変わりました。変更はどうしたら出来ますか？
46,結婚して姓が変わったので変更したい
46,姓を変更する方法はありますか？
47,名前を入力間違いしてしまいました。変更はどうすれば出来ますか？
47,結婚して名前が変わったので変更したい
47,名前を変更する方法はありますか？
47,サイトから名前を変更する方法はありますか？
47,名前を変えたいのですがどうすればいいですか？
48,住所を変更したいのですが、どうすれば良いですか？
48,住所変更の方法を教えてください
48,住所が変わったので変更したいです
48,住所を変える方法を教えてください
48,引っ越すことになったので住所を変えたい
48,住所を変える方法がわからない
49,メールアドレスを変更したいのですが、どうすれば良いですか？
49,メールアドレス変更の方法を教えてください
49,メールアドレスが変わったので変更したいです
49,メールアドレスを変える方法を教えてください
49,メールアドレスを変える方法がわからない
49,メルアドを変更したいのですが、どうすれば良いですか？
49,メルアド変更の方法を教えてください
49,メルアドが変わったので変更したいです
49,メルアドを変える方法を教えてください
49,メルアドを変える方法がわからない
50,フィーチャーフォンからスマートフォン（スマートフォンからフィーチャーフォン）へ変更しましたが、どうすれば良いですか？
50,携帯の機種を変えたのですが手続きは必要ですか？
50,ガラケーからスマホに乗り換えたのですがどうすればいいですか？
50,フィーチャーフォンからスマホに乗り換えたのですがどうすればいいですか？
50,ガラケーからスマートフォンに乗り換えたのですがどうすればいいですか？
50,ガラケーからスマホに機種変したのですがどうすればいいですか？
50,ガラケーからスマートフォーンに機種変したのですがどうすればいいですか？
50,フィーチャーフォンからスマートフォーンに機種変更したのですがどうすればいいですか？
51,どのような場所に保管すれば良いですか？
51,商品はどこに保管すればいいですか
51,商品の保管方法を教えてください
51,商品をどこにしまっておけばいいですか
51,商品はどこに保存すればいいですか
51,商品の保存方法を教えてください
52,冷蔵庫で保管して良いですか？
52,冷蔵庫で保存して良いですか？
52,冷蔵庫にしまったほうがいいですか？
52,商品は冷蔵庫で保管して良いですか？
52,商品を冷蔵庫で保存して良いですか？
52,商品は冷蔵庫にしまったほうがいいですか？
53,携帯ケースでの保管期間の目安はどれくらいですか？
53,携帯ケースでの保存期間の目安はどれくらいですか？
53,携帯ケースにいれて持ち歩いています。どれくらい保ちますか？
53,携帯ケースで保存した時どれくらい保ちますか
53,携帯ケースで保存した時はいつまで商品は保ちますか
54,メールマガジンの受信を止めたい。
54,メールマガジンを受け取るのをやめたいのですがどうすればいいですか
54,メールマガジンを停止してもらいたいのですがどうすればいいですか
54,メールマガジンはもういらないのでやめたいので方法を教えてください
54,メールマガジンの止め方
54,メルマガの受信を止めたい。
54,メルマガを受け取るのをやめたいのですがどうすればいいですか
54,メルマガはもういらないのでやめたいのですがどうすればいいですか
54,メルマガを停止したい
54,メルマガの止め方
55,メールマガジンの文章や画像が表示されません。
55,メールマガジンが表示されないのですがどうすればいいですか
55,メールマガジンが見れません
55,メルマガの文章や画像が表示されません。
55,メルマガが表示されないのですがどうすればいいですか
55,メルマガが見れません
56,えがおのお問い合わせ先を教えてください。
56,問い合わせ先を教えてください。
56,問合わせ先を教えてください。
56,問合せはどこにすればいいですか
56,聞きたいことがあるのですがどこに電話すればいいですか
56,聞きたいことがあるのですがどこにメールすればいいですか
57,えがおからのメールが届きません。
57,メールが届きません。ちゃんと送ってますか？
57,メールが来ないのですが
57,メールがこない理由を教えてください
57,メールが来ないです。どうしてですか？
58,ログインID（メールアドレス）を忘れたので、ログインが出来ません。
58,どのメールアドレスで登録したか忘れてしまってログインできないです
58,メールアドレスがわからずログインできなくなってしまいました。
58,メルアドを忘れたので、ログインが出来ません。
58,どのメルアドで登録したか忘れてしまってログインできないです
58,メルアドがわからずログインできなくなってしまいました。
59,パスワードを忘れたのでログインができません。
59,どのパスワードで登録したか忘れてしまってログインできないです
59,パスワードがわからずログインできなくなってしまいました。
59,パスワードを忘れてしまいました
59,パスワードを忘れてしまったのですがどうすればいいですか？
59,パスワードがわからなくなってしまったのですがどうすればいいですか？
60,ログインできないのですが、どうしたらいいですか？
60,ログインできない
60,ログインできなくなってしまいました
60,ログインする方法がわからない
60,ログインできず困っています。どうすればいいですか？
60,なぜかログインできません。どうすればいいですか？
61,ログイン時の登録メールアドレスを変更したいのですが、どのようにすればいいですか？
61,メールアドレスを変更したいのですが、できますか？
61,ログインに使うメールアドレスを変える方法を教えてください
61,ログイン時の登録メルアドを変更したいのですが、どのようにすればいいですか？
61,メルアドを変更したいのですが、できますか？
61,ログインに使うメルアドを変える方法を教えてください
62,えがおWEB会員になると何が利用できるの？
62,WEB会員になると何が利用できるの？
62,会員になるメリットは何ですか？
62,会員になるとどんなことができますか？
62,WEB会員になるメリットは何ですか？
62,WEB会員になると何ができるようになりますか？
62,えがおWEB会員になると何ができるようになりますか？
63,えがおWEB会員の登録はどうしたらできますか？
63,WEB会員の登録はどうしたらできますか？
63,WEB会員になる方法を教えてください
63,えがおWEB会員になる方法を教えてください
63,WEB会員になるにはどうすればいいですか？
63,会員になるにはどうすればいいですか？
63,会員になる方法がわかりません
63,えがお会員になる方法がわかりません
64,えがおWEB会員の登録には会費は必要ですか？
64,えがおWEB会員の登録には費用は必要ですか？
64,えがおWEB会員になるために会費はいりますか？
64,会員になるために会費は要りますか？
64,会員になるためにお金は要りますか？
64,WEB会員の登録には会費は必要ですか？
64,WEB会員になるために会費は必要ですか？
64,WEB会員の会費について教えてください
64,WEB会員になるためにお金はかかりますか？
65,えがおWEB会員を退会したいのですが、どうすれば良いですか？
65,WEB会員を退会する方法を教えてください
65,WEB会員を退会したいです。
65,WEB会員を退会する方法
65,会員を辞めたいので、やりかたを教えてください
65,WEB会員を辞めたいのですが、どうすればいいですか
65,えがおWEB会員を辞める方法を知りたい
66,「えがおポイント」とはなんですか？
66,ポイントとはなんですか？
66,ポイントは何に使えますか？
66,えがおポイントは何に使えますか？
66,えがおポイントについて教えてください
66,ポイントについて教えてください
66,ポイントは何の役に立ちますか？
67,有効期限内でも保有ポイントがなくなってしまうことはありますか？
67,ポイントがなくなってしまうことはありますか？
67,えがおポイントの使用期限を教えてください
67,ポイントの使用期限を教えてください
67,ポイントは期限がありますか？
67,ポイントはいつまで使うことができますか？
67,えがおポイントはいつまで使うことができますか？
68,えがおポイントはどのような商品と交換できますか？
68,えがおポイントは何と交換できますか？
68,えがおポイントはどんなものと交換できますか？
68,えがおポイントと交換できるものについて知りたい
68,ポイントはどのような商品と交換できますか？
68,ポイントは何と交換できますか？
68,ポイントはどんなものと交換できますか？
68,ポイントと交換できるものについて知りたい
69,ポイントを交換したいのですが、どのようにしたらいいですか？
69,えがおポイントを交換する方法が知りたい
69,ポイントを交換する方法を教えてください
69,えがおポイントと品物を交換するにはどうすればいいですか
69,ポイントと景品を交換するにはどうすればいいですか
69,えがおポイントはどこで景品と交換できますか
69,ポイントはどうすれば交換できますか
70,持っているポイント数を確認するにはどのようにしたらいいですか？
70,持っているポイントを知る方法を教えてください
70,今どれくらいポイントを持っているか教えてください
70,現在のポイント数はどこに載ってますか？
70,現在のポイント数はどこに書いてありますか？
70,自分のえがおポイントはどこに書いてありますか？
70,今のえがおポイント数を知りたいのですが、どこかにのってますか？
71,支払いのときに「えがおポイント」は利用できますか？
71,支払いのときにポイントは利用できますか？
71,えがおポイントで商品の代金を払うことはできますか？
71,ポイントで商品の代金を払うことはできますか？
71,ポイントで商品の代金を支払うことはできますか？
71,えがおポイントで商品の代金を支払うことはできますか？
71,ポイントはお金の代わりに使うことはできますか？
72,ポイントを交換しましたが、いつごろ届きますか？
72,ポイントを交換しましたが、いつ配送されますか？
72,ポイントと景品を交換しました、いつ配送されますか？
72,交換した品物はいつごろ届きますか？
72,えがおポイント交換した品物はいつごろ届きますか？
72,ポイントで交換した品物はいつ届きますか？
72,ポイントで交換した景品の配送日はいつですか？
73,クロスワードパズルに応募したいのですが、ホームページではどうすれば応募できますか？
73,クロスワードパズルに応募する方法を教えてください
73,クロスワードに応募する方法を教えてください
73,クロスワードに回答したいのですがどうすればいいですか
73,クロスワーパズルにはどこから回答すればいいですか
74,ふりふりシェーカーが欲しいのですが、どうしたらいいですか？
74,ふりふりシェーカーがどうやったら手に入りますか？
74,シェーカーを手にいれる方法を教えてください
74,シェーカーはどこで手に入りますか
74,ふりふりシェーカーはどこで手に入りますか
75,他の人を紹介すると特典はありますか？
75,他の人を紹介するメリットを教えてください
75,他の人を紹介すると何かいいことがあるのですか？
75,他人を紹介すると何が手に入りますか？
75,他の人に商品を紹介するとどんないいことがありますか？
75,他の人に商品を紹介すると特典がありますか？
76,推奨環境を教えてください。
76,推奨環境はありますか？
76,どのブラウザで見ればいいですか？
76,どのブラウザで見る必要がありますか？
76,サイトを見るにはどんな環境が必要ですか？
76,サイトを利用するにはどんな環境が必要ですか？
76,サイトを利用するために必要な環境を知りたい
77,メールが文字化けする
77,メールが文字化けするのですがどうすればいいですか
77,メールの文字化けを直したいのですがどうすればいいですか？
77,メールの文字化けを直す方法を教えてください
77,文字化けしてしまうので治し方が知りたい
77,文字化けするのですがどうすればいいですか
